Company,Contact Person,Email,Phone,Country,Product,Type,Website
RAKO,brick & building-materials distributor/importer,,599) 94 84 21,GE,Clay building bricks (AJOR),brick,http://www.rako.ge
AGURILAND,brick specialist retailer/distributor,contact@aguriland.ge,+995 32 2 21 21 22,GE,Clay building bricks (AJOR),brick,https://aguriland.ge
BRICK ART,facing/brick specialist retailer,,599) 28 95 13,GE,Clay building bricks (AJOR),brick,
KOLKHI GROUP,building-materials distributor (facing bricks),info@kolkhigroup.ge,+995 234 14 14,GE,Clay building bricks (AJOR),brick,https://kolkhigroup.ge
FIRST WAREHOUSE,brick/building-materials wholesaler,firstwearhouse@gmail.com,591) 08 21 21,GE,Clay building bricks (AJOR),brick,
DOMINO,Kristine Khalatyan - Assistant Purchasing Manager,k.khalatyan@domino.com.ge,+995 250 50 50,GE,Clay building bricks (AJOR),brick,https://www.domino.com.ge
MODERN HOUSE,building-materials retailer (facing bricks),,511) 22 77 55,GE,Clay building bricks (AJOR),brick,
DESIGN M GEORGIA,building-materials retailer (facing bricks),design.m.georgia@gmail.com,574) 80 00 50,GE,Clay building bricks (AJOR),brick,
GDS,building-materials retailer (facing bricks),ltd_gds@yahoo.com,+995 577 58 34 37,GE,Clay building bricks (AJOR),brick,
PROGRESS LLC,building-materials retailer (facing bricks),,,GE,Clay building bricks (AJOR),brick,https://llcprogress.ge
URBAN SHOP,building-materials retailer (facing bricks),info@urbanshop.ge,+995 32 243 22 83,GE,Clay building bricks (AJOR),brick,https://urbanshop.ge
GORGIA,Nodar Shukakidze - Head of Procurement & Sales,nodar.shukakidze@gorgia.ge,+995 322 96 09 60,GE,Clay building bricks (AJOR),brick,https://gorgia.ge
IDEAL,building-materials retail chain,info@ideal.ge,+995 322 540 854,GE,Clay building bricks (AJOR),brick,https://ideal.ge
CITADELI,Temo Nebieridze - Head of Procurement,info@citadeli.com,032 235 00 35,GE,Clay building bricks (AJOR),brick,https://www.citadeli.com
GRC,Ana Aivazovi - Procurement Manager,a.aivazovi@grc.ge,032) 2 209 900,GE,Clay building bricks (AJOR),brick,https://www.grc.ge
DREAM HOUSE (Otsneba),building-materials retailer,sabitumo@otsneba.ge,+995 577 32 02 02,GE,Clay building bricks (AJOR),brick,http://www.otsneba.ge
LUKA,building-materials retailer,ltd.luka@gmail.com,+995 422 224 222,GE,Clay building bricks (AJOR),brick,http://www.ltdluka.ge
DAR CAPITAL,building-materials retailer,info@darcapital.ge,+995 422 259449,GE,Clay building bricks (AJOR),brick,http://www.darcapital.ge
NOVA,Tamar Shavadze - International Procurement Manager,info@nova.ge,032 2 00 33 33,GE,Clay building bricks (AJOR),brick,https://nova.ge
KVARI-2015,building-materials retailer,vgTamaz@gmail.com,577) 43 53 44,GE,Clay building bricks (AJOR),brick,
AML SAMSHENEBLO MASALEBI,building-materials retailer,,511) 22 33 66,GE,Clay building bricks (AJOR),brick,
APOLO,building-materials retailer,apolo4-15@mail.ru,593) 33 77 44,GE,Clay building bricks (AJOR),brick,https://facebook.com/Apolomaterials
HYPERMARKET MODUS,building-materials hypermarket,,+995 322 06 01 01,GE,Clay building bricks (AJOR),brick,https://modus.ge/
Architec,building-materials seller,,,GE,Clay building bricks (AJOR),brick,
European Building Materials,building-materials seller,,,GE,Clay building bricks (AJOR),brick,
AMTile (AM Tile),tile showroom/importer,info@amtile.ge,+995 592 44 1926,GE,Ceramic & porcelain tiles,tile,https://amtile.ge
Gorgia,Nodar Shukakidze - Head of Procurement & Sales,nodar.shukakidze@gorgia.ge,,GE,Ceramic & porcelain tiles,tile,https://gorgia.ge
Domino,Kristine Khalatyan - Assistant Purchasing Manager,k.khalatyan@domino.com.ge,+995 250 50 50,GE,Ceramic & porcelain tiles,tile,https://domino.com.ge
Ideal,building-materials chain,info@ideal.ge,+995 322 540 854,GE,Ceramic & porcelain tiles,tile,https://ideal.ge
Nova (nova.ge),Tamar Shavadze - International Procurement Manager,info@nova.ge,+995 32 2 00 33 33,GE,Ceramic & porcelain tiles,tile,https://nova.ge
Hypermarket Modus,building-materials chain,info@modus.com.ge,+995 206 01 01,GE,Ceramic & porcelain tiles,tile,https://modus.com.ge
Tiles House / Kafeli's House (LTD Peani / Peaniltd),tile showroom/importer,,,GE,Ceramic & porcelain tiles,tile,https://peaniltd.com (shop.peaniltd.com)
Merlons,tile showroom/importer,info@merlons.ge,0322 30 70 90,GE,Ceramic & porcelain tiles,tile,https://merlons.ge
Ceramico,tile showroom/importer,,+995 597 38 30 38,GE,Ceramic & porcelain tiles,tile,https://ceramicoshop.com
Espano (Spanish House),tile showroom/importer,info@espano.ge,,GE,Ceramic & porcelain tiles,tile,https://espano.ge
Lussoni,tile showroom/importer,,032 249 77 44,GE,Ceramic & porcelain tiles,tile,https://lussoni.ge
Kerama Marazzi Georgia,tile showroom/importer,Info@keramamarazzi.ge,0322 04 00 00,GE,Ceramic & porcelain tiles,tile,https://kerama-marazzi.ge
Gallery Demasi,tile showroom/importer,,+995 32 299 99 01,GE,Ceramic & porcelain tiles,tile,https://gallerydemasi.ge
Lego Room,tile showroom/importer,legoroomgeo@gmail.com,+995 593 40 70 76,GE,Ceramic & porcelain tiles,tile,https://legoroom.ge
VitrA Georgia,tile showroom/importer,info@vitra.com.ge,032 230 70 90,GE,Ceramic & porcelain tiles,tile,https://vitra.com.ge
Room Design Gallery,tile showroom/importer,infro@roomdesign.ge,+995 322 053939,GE,Ceramic & porcelain tiles,tile,https://roomdesign.ge
Trend (Italian Tile Salon),tile showroom/importer,trendyshowroom@gmail.com,+995 236 99 11,GE,Ceramic & porcelain tiles,tile,https://trendy.com.ge
Baraka 2010,distributor,info@santeqnika.com.ge,+995) 577 98 11 10,GE,Ceramic & porcelain tiles,tile,https://santeqnika.com.ge
Bassa Seramica,tile showroom/importer,basaceramica@gmail.com,595) 622 622,GE,Ceramic & porcelain tiles,tile,
Ceramica Georgia,tile showroom/importer,,591) 93 32 31,GE,Ceramic & porcelain tiles,tile,
Nur-Tile,tile showroom/importer,,+995) 555 12 99 59,GE,Ceramic & porcelain tiles,tile,
Redi,building-materials chain,ltdredi@mail.ru,577) 39 38 09,GE,Ceramic & porcelain tiles,tile,https://redi.ge (did not resolve at time of check)
Pepela+,distributor,,555) 42 04 52,GE,Ceramic & porcelain tiles,tile,
Saphareli,tile showroom/importer,saphareli@gmail.com,+995 599 65 88 00,GE,Ceramic & porcelain tiles,tile,
Ludarma,retail,nikitovna0@gmail.com,558) 24 23 69,GE,Ceramic & porcelain tiles,tile,
Belle Maison,tile showroom/importer,info@bellemaison.ge,+995 32 220 13 13,GE,Ceramic & porcelain tiles,tile,https://bellemaison.ge
Design Avenue,tile showroom/importer,info@designavenue.ge,+995 32 268 08 08,GE,Ceramic & porcelain tiles,tile,https://designavenue.ge
Motif,tile showroom/importer,info@motif.ge,238 91 92,GE,Ceramic & porcelain tiles,tile,https://motif.ge
